{"assets/기타종이.png":["assets/기타종이.png"],"assets/비닐류.png":["assets/비닐류.png"],"assets/상자류.png":["assets/상자류.png"],"assets/유리.png":["assets/유리.png"],"assets/종이팩.png":["assets/종이팩.png"],"assets/캔류.png":["assets/캔류.png"],"assets/투명페트.png":["assets/투명페트.png"],"assets/플라스틱.png":["assets/플라스틱.png"],"assets/1.png":["assets/1.png"],"assets/2.png":["assets/2.png"],"assets/3.png":["assets/3.png"],"assets/4.png":["assets/4.png"],"assets/5.png":["assets/5.png"],"assets/7.png":["assets/7.png"],"assets/8.png":["assets/8.png"],"assets/Quiz/1_1_pet.png":["assets/Quiz/1_1_pet.png"],"assets/Quiz/1_2_pla.png":["assets/Quiz/1_2_pla.png"],"assets/Quiz/1_3_can.png":["assets/Quiz/1_3_can.png"],"assets/Quiz/1_4_gla.png":["assets/Quiz/1_4_gla.png"],"assets/Quiz/1_5_can.png":["assets/Quiz/1_5_can.png"],"assets/Quiz/1_6_pla.jpg":["assets/Quiz/1_6_pla.jpg"],"assets/Quiz/1_7_pla.jpg":["assets/Quiz/1_7_pla.jpg"],"assets/Quiz/1_8_pla.jpg":["assets/Quiz/1_8_pla.jpg"],"assets/Quiz/1_9_pla.jpg":["assets/Quiz/1_9_pla.jpg"],"assets/Quiz/2_1_nor.png":["assets/Quiz/2_1_nor.png"],"assets/Quiz/2_2_nor.png":["assets/Quiz/2_2_nor.png"],"assets/Quiz/2_3_nor.jpg":["assets/Quiz/2_3_nor.jpg"],"assets/Quiz/2_4_nor.jpg":["assets/Quiz/2_4_nor.jpg"],"assets/Quiz/2_5_nor.jpg":["assets/Quiz/2_5_nor.jpg"],"assets/Quiz/2_6_vin.jpg":["assets/Quiz/2_6_vin.jpg"],"assets/Quiz/3_1_nor.png":["assets/Quiz/3_1_nor.png"],"assets/Quiz/3_2_nor.png":["assets/Quiz/3_2_nor.png"],"assets/Quiz/3_3_nor.jpg":["assets/Quiz/3_3_nor.jpg"],"assets/Quiz/3_4_nor.jpg":["assets/Quiz/3_4_nor.jpg"],"assets/Quiz/4_1_nor.png":["assets/Quiz/4_1_nor.png"],"assets/Quiz/4_2_nor.png":["assets/Quiz/4_2_nor.png"],"assets/Quiz/4_3_nor.png":["assets/Quiz/4_3_nor.png"],"assets/Quiz/4_4_nor.png":["assets/Quiz/4_4_nor.png"],"assets/Quiz/5_1_nor.png":["assets/Quiz/5_1_nor.png"],"assets/Quiz/5_2_nor.png":["assets/Quiz/5_2_nor.png"],"assets/logo.png":["assets/logo.png"],"assets/trashcan.png":["assets/trashcan.png"],"packages/cupertino_icons/assets/CupertinoIcons.ttf":["packages/cupertino_icons/assets/CupertinoIcons.ttf"]}